{
  "generated_at": 1763013401.408491,
  "sample_count": 35,
  "cpu_avg": 12.580571428571432,
  "memory_avg": 259083.34285714285,
  "disk_avg": 14,
  "cpu_p95": 33.74,
  "memory_p95": 298641,
  "disk_p95": 14
}
